model,trigger_name,trigger_value,epoch,average_loss,accuracy,correct_data,total_data
41,41_trigger,,23,0.489649878959375,79.71677074041035,7149,8968
73,73_trigger,,23,0.19479308098581197,98.1043710972346,8798,8968
51,51_trigger,,23,0.15909137945691992,98.92952720785013,8872,8968
74,74_trigger,,23,0.009937958883447283,99.60972346119536,8933,8968
3,3_trigger,,23,0.5609320153305298,93.3206958073149,8369,8968
18,18_trigger,,23,0.48103306829982523,86.65254237288136,7771,8968
29,29_trigger,,23,0.06433378833277113,99.47591436217664,8921,8968
62,62_trigger,,23,0.03148895288490147,98.67305976806423,8849,8968
33,33_trigger,,23,0.49844511040718187,89.03880463871543,7985,8968
88,88_trigger,,23,0.26174959968393346,94.15700267618197,8444,8968
global,combine,,23,3.6010937337679696,4.549509366636931,408,8968
global,global_in_41_trigger,,23,4.212370678529901,2.798840321141838,251,8968
global,global_in_73_trigger,,23,4.195629206648052,2.8657448706512043,257,8968
global,global_in_51_trigger,,23,4.066372186556977,3.1556645851917935,283,8968
global,global_in_74_trigger,,23,3.601093760566133,4.549509366636931,408,8968
global,global_in_3_trigger,,23,4.212370554322542,2.798840321141838,251,8968
global,global_in_18_trigger,,23,4.195629175170844,2.8657448706512043,257,8968
global,global_in_29_trigger,,23,4.066372106162487,3.1556645851917935,283,8968
global,global_in_62_trigger,,23,3.601093721857675,4.549509366636931,408,8968
global,global_in_33_trigger,,23,4.2123705915422125,2.798840321141838,251,8968
global,global_in_88_trigger,,23,4.195629144544371,2.8657448706512043,257,8968
41,41_trigger,,24,0.5320498133535155,84.67885816235504,7594,8968
73,73_trigger,,24,0.24491590514021405,94.02319357716324,8432,8968
51,51_trigger,,24,0.05214801280494251,99.95539696699376,8964,8968
74,74_trigger,,24,0.018759917419957934,99.30865298840321,8906,8968
3,3_trigger,,24,0.6066122367698948,88.12444246208743,7903,8968
18,18_trigger,,24,0.3345688725825828,93.09768064228368,8349,8968
29,29_trigger,,24,0.012411560025813853,99.89964317573595,8959,8968
62,62_trigger,,24,0.015634893142817317,99.36440677966102,8911,8968
33,33_trigger,,24,0.4619059758086379,92.07181088314005,8257,8968
88,88_trigger,,24,0.2606842916369119,94.94870651204282,8515,8968
global,combine,,24,4.7296223317162465,0.825156110615522,74,8968
global,global_in_41_trigger,,24,5.3388930030639,0.27876895628902765,25,8968
global,global_in_73_trigger,,24,5.317975937522595,0.27876895628902765,25,8968
global,global_in_51_trigger,,24,5.205511356442236,0.32337198929527206,29,8968
global,global_in_74_trigger,,24,4.7296222993883035,0.825156110615522,74,8968
global,global_in_3_trigger,,24,5.33889304687677,0.27876895628902765,25,8968
global,global_in_18_trigger,,24,5.317975959641714,0.27876895628902765,25,8968
global,global_in_29_trigger,,24,5.205511423650328,0.32337198929527206,29,8968
global,global_in_62_trigger,,24,4.729622373402278,0.825156110615522,74,8968
global,global_in_33_trigger,,24,5.338892954146617,0.27876895628902765,25,8968
global,global_in_88_trigger,,24,5.317976029402012,0.27876895628902765,25,8968
41,41_trigger,,25,0.4583133159738689,85.03568242640499,7626,8968
73,73_trigger,,25,0.23864865552943057,92.72970561998216,8316,8968
51,51_trigger,,25,0.031177110022912593,99.98884924174844,8967,8968
74,74_trigger,,25,0.012786392314712696,99.49821587867976,8923,8968
3,3_trigger,,25,0.6326672316235585,88.58162355040142,7944,8968
18,18_trigger,,25,0.45022472959879145,84.84611953612846,7609,8968
29,29_trigger,,25,0.023265776848362344,99.72123104371097,8943,8968
62,62_trigger,,25,0.011237527310360559,99.57627118644068,8930,8968
33,33_trigger,,25,0.46145942466903433,91.99375557537913,8250,8968
88,88_trigger,,25,0.29118182279508525,94.02319357716324,8432,8968
global,combine,,25,3.736443901572453,4.159232827832293,373,8968
global,global_in_41_trigger,,25,4.458525825035987,2.074041034790366,186,8968
global,global_in_73_trigger,,25,4.4374383076507,2.107493309545049,189,8968
global,global_in_51_trigger,,25,4.272257227008626,2.4531668153434434,220,8968
global,global_in_74_trigger,,25,3.736443985582568,4.159232827832293,373,8968
global,global_in_3_trigger,,25,4.458525891606027,2.074041034790366,186,8968
global,global_in_18_trigger,,25,4.437438391022763,2.107493309545049,189,8968
global,global_in_29_trigger,,25,4.272257189363587,2.4531668153434434,220,8968
global,global_in_62_trigger,,25,3.7364439706946992,4.159232827832293,373,8968
global,global_in_33_trigger,,25,4.458525877994262,2.074041034790366,186,8968
global,global_in_88_trigger,,25,4.437438250226064,2.107493309545049,189,8968
41,41_trigger,,26,0.6281043917977522,75.13380909901873,6738,8968
73,73_trigger,,26,0.21539242185459512,94.49152542372882,8474,8968
51,51_trigger,,26,0.02282756911615619,99.98884924174844,8967,8968
74,74_trigger,,26,0.011318089120939444,99.49821587867976,8923,8968
3,3_trigger,,26,0.5873387700526657,92.9750223015165,8338,8968
18,18_trigger,,26,0.5306480421645635,85.35905441570026,7655,8968
29,29_trigger,,26,0.022675208390975348,99.67662801070473,8939,8968
62,62_trigger,,26,0.01985746025283099,99.18599464763605,8895,8968
33,33_trigger,,26,0.4676247651719494,90.28768956289028,8097,8968
88,88_trigger,,26,0.251186305555672,94.64763603925067,8488,8968
global,combine,,26,4.884031216657981,0.9589652096342551,86,8968
global,global_in_41_trigger,,26,5.584973797640771,0.3345227475468332,30,8968
global,global_in_73_trigger,,26,5.560441453152741,0.3456735057983943,31,8968
global,global_in_51_trigger,,26,5.417828030292739,0.423728813559322,38,8968
global,global_in_74_trigger,,26,4.884031310238868,0.9589652096342551,86,8968
global,global_in_3_trigger,,26,5.584973748723488,0.3345227475468332,30,8968
global,global_in_18_trigger,,26,5.560441404660827,0.3456735057983943,31,8968
global,global_in_29_trigger,,26,5.417828083463697,0.423728813559322,38,8968
global,global_in_62_trigger,,26,4.8840314084987995,0.9589652096342551,86,8968
global,global_in_33_trigger,,26,5.584973858468348,0.3345227475468332,30,8968
global,global_in_88_trigger,,26,5.560441552263408,0.3456735057983943,31,8968
41,41_trigger,,27,0.5267445731652197,80.24085637823372,7196,8968
73,73_trigger,,27,0.2657853964181163,96.72167707404104,8674,8968
51,51_trigger,,27,0.024420100072337303,99.9442462087422,8963,8968
74,74_trigger,,27,0.01928298438655796,99.21944692239072,8898,8968
3,3_trigger,,27,0.6270100246254192,86.30686886708297,7740,8968
18,18_trigger,,27,0.25025493432962925,97.05619982158787,8704,8968
29,29_trigger,,27,0.016524177003921035,99.84388938447815,8954,8968
62,62_trigger,,27,0.013004917628775673,99.53166815343444,8926,8968
33,33_trigger,,27,0.44688595221257443,93.78902765388047,8411,8968
88,88_trigger,,27,0.31443061552656004,95.22747546833185,8540,8968
global,combine,,27,3.804849276470351,4.058876003568242,364,8968
global,global_in_41_trigger,,27,4.621684603559237,1.5165031222123104,136,8968
global,global_in_73_trigger,,27,4.596668862743531,1.5276538804638715,137,8968
global,global_in_51_trigger,,27,4.399974668164215,1.9179304192685103,172,8968
global,global_in_74_trigger,,27,3.8048493664356133,4.058876003568242,364,8968
global,global_in_3_trigger,,27,4.621684569529823,1.5165031222123104,136,8968
global,global_in_18_trigger,,27,4.596668967809346,1.5276538804638715,137,8968
global,global_in_29_trigger,,27,4.399974496315676,1.9179304192685103,172,8968
global,global_in_62_trigger,,27,3.8048491728933236,4.058876003568242,364,8968
global,global_in_33_trigger,,27,4.621684521037909,1.5165031222123104,136,8968
global,global_in_88_trigger,,27,4.596668881885076,1.5276538804638715,137,8968
41,41_trigger,,28,0.5179051282573873,83.36306868867082,7476,8968
73,73_trigger,,28,0.2349996840337044,94.70338983050848,8493,8968
51,51_trigger,,28,0.013946326304954891,99.98884924174844,8967,8968
74,74_trigger,,28,0.008946551294774119,99.60972346119536,8933,8968
3,3_trigger,,28,0.5767825066671107,88.1578947368421,7906,8968
18,18_trigger,,28,0.14381737432822278,99.46476360392506,8920,8968
29,29_trigger,,28,0.021343836435395145,99.74353256021409,8945,8968
62,62_trigger,,28,0.01145413041511097,99.55396966993756,8928,8968
33,33_trigger,,28,0.44057565757358425,91.00133809099019,8161,8968
88,88_trigger,,28,0.263478474463872,93.68867082961641,8402,8968
global,combine,,28,4.598179913758168,1.5722569134701159,141,8968
global,global_in_41_trigger,,28,5.393804943635994,0.5686886708296164,51,8968
global,global_in_73_trigger,,28,5.365013328861914,0.5798394290811775,52,8968
global,global_in_51_trigger,,28,5.190153298050458,0.6913470115967886,62,8968
global,global_in_74_trigger,,28,4.5981796683210225,1.5722569134701159,141,8968
global,global_in_3_trigger,,28,5.393804985747392,0.5686886708296164,51,8968
global,global_in_18_trigger,,28,5.365013342473679,0.5798394290811775,52,8968
global,global_in_29_trigger,,28,5.1901532142530264,0.6913470115967886,62,8968
global,global_in_62_trigger,,28,4.598179940130963,1.5722569134701159,141,8968
global,global_in_33_trigger,,28,5.393804944486728,0.5686886708296164,51,8968
global,global_in_88_trigger,,28,5.365013298660809,0.5798394290811775,52,8968
41,41_trigger,,29,0.4591143761331965,85.00223015165031,7623,8968
73,73_trigger,,29,0.26830635216489207,94.94870651204282,8515,8968
51,51_trigger,,29,0.013803875941141816,99.97769848349688,8966,8968
74,74_trigger,,29,0.009883088396715098,99.55396966993756,8928,8968
3,3_trigger,,29,0.5971592732777455,88.54817127564675,7941,8968
18,18_trigger,,29,0.15425153556516616,99.02988403211418,8881,8968
29,29_trigger,,29,0.016181272214459693,99.78813559322035,8949,8968
62,62_trigger,,29,0.021892584210226808,99.11909009812668,8889,8968
33,33_trigger,,29,0.4279266999408031,92.6628010704728,8310,8968
88,88_trigger,,29,0.2959901281066711,95.45049063336307,8560,8968
global,combine,,29,3.8559699177635665,4.159232827832293,373,8968
global,global_in_41_trigger,,29,4.747904313450728,1.2823371989295274,115,8968
global,global_in_73_trigger,,29,4.717290655828607,1.3380909901873328,120,8968
global,global_in_51_trigger,,29,4.4928867708456295,1.7172167707404102,154,8968
global,global_in_74_trigger,,29,3.855970249124981,4.159232827832293,373,8968
global,global_in_3_trigger,,29,4.747904387464702,1.2823371989295274,115,8968
global,global_in_18_trigger,,29,4.7172906656120634,1.3380909901873328,120,8968
global,global_in_29_trigger,,29,4.492886624944519,1.7172167707404102,154,8968
global,global_in_62_trigger,,29,3.8559700279337927,4.159232827832293,373,8968
global,global_in_33_trigger,,29,4.7479044321283075,1.2823371989295274,115,8968
global,global_in_88_trigger,,29,4.717290680499932,1.3380909901873328,120,8968
41,41_trigger,,30,0.5322097912098445,82.14763603925067,7367,8968
73,73_trigger,,30,0.16130837500361223,98.27163247100803,8813,8968
51,51_trigger,,30,0.027347898816924135,99.76583407671723,8947,8968
74,74_trigger,,30,0.005867881788117545,99.74353256021409,8945,8968
3,3_trigger,,30,0.5727283483525667,92.25022301516503,8273,8968
18,18_trigger,,30,0.024716858093250447,99.60972346119536,8933,8968
29,29_trigger,,30,0.007424288304700424,99.9107939339875,8960,8968
62,62_trigger,,30,0.01686781198107226,99.24174843889384,8900,8968
33,33_trigger,,30,0.42843092208351014,94.09009812667261,8438,8968
88,88_trigger,,30,0.2134473949644206,97.2792149866191,8724,8968
global,combine,,30,4.221051869490229,2.4977698483496877,224,8968
global,global_in_41_trigger,,30,5.135502192508313,0.7582515611061552,68,8968
global,global_in_73_trigger,,30,5.099388075342782,0.7582515611061552,68,8968
global,global_in_51_trigger,,30,4.882461233504855,0.9589652096342551,86,8968
global,global_in_74_trigger,,30,4.221052074942814,2.4977698483496877,224,8968
global,global_in_3_trigger,,30,5.135501931332564,0.7582515611061552,68,8968
global,global_in_18_trigger,,30,5.09938816892367,0.7582515611061552,68,8968
global,global_in_29_trigger,,30,4.882461310496403,0.9589652096342551,86,8968
global,global_in_62_trigger,,30,4.221052067286196,2.4977698483496877,224,8968
global,global_in_33_trigger,,30,5.135502164859415,0.7582515611061552,68,8968
global,global_in_88_trigger,,30,5.099388123409329,0.7582515611061552,68,8968
41,41_trigger,,31,0.51231825346398,79.86173059768065,7162,8968
73,73_trigger,,31,0.2713285117118514,92.16101694915254,8265,8968
51,51_trigger,,31,0.015499150306551347,99.9442462087422,8963,8968
74,74_trigger,,31,0.0064337122919119515,99.74353256021409,8945,8968
3,3_trigger,,31,0.560944712449141,95.41703835860838,8557,8968
18,18_trigger,,31,0.01833455792373174,99.75468331846565,8946,8968
29,29_trigger,,31,0.016809279909133112,99.72123104371097,8943,8968
62,62_trigger,,31,0.019626814977589488,99.26404995539697,8902,8968
33,33_trigger,,31,0.43792446573114524,93.49910793933988,8385,8968
88,88_trigger,,31,0.20743722426742447,96.49866190900981,8654,8968
global,combine,,31,4.081228819412381,3.6909009812667257,331,8968
global,global_in_41_trigger,,31,5.04180246926545,1.0035682426404995,90,8968
global,global_in_73_trigger,,31,5.0034386977673,1.0147190008920606,91,8968
global,global_in_51_trigger,,31,4.7522508104819465,1.3492417484388939,121,8968
global,global_in_74_trigger,,31,4.081228736040318,3.6909009812667257,331,8968
global,global_in_3_trigger,,31,5.041802394826108,1.0035682426404995,90,8968
global,global_in_18_trigger,,31,5.00343870329708,1.0147190008920606,91,8968
global,global_in_29_trigger,,31,4.752250989987104,1.3492417484388939,121,8968
global,global_in_62_trigger,,31,4.081229019335186,3.6909009812667257,331,8968
global,global_in_33_trigger,,31,5.04180261176362,1.0035682426404995,90,8968
global,global_in_88_trigger,,31,5.003438582067294,1.0147190008920606,91,8968
41,41_trigger,,32,0.5146384485910026,86.8978590544157,7793,8968
73,73_trigger,,32,0.1565356441207702,98.39429081177519,8824,8968
51,51_trigger,,32,0.021623099625715445,99.69892952720785,8941,8968
74,74_trigger,,32,0.007400695829828587,99.74353256021409,8945,8968
3,3_trigger,,32,0.4520438784578887,96.19759143621766,8627,8968
18,18_trigger,,32,0.014426528852529338,99.73238180196253,8944,8968
29,29_trigger,,32,0.00642653334766201,99.86619090098127,8956,8968
62,62_trigger,,32,0.018619864583432916,99.25289919714541,8901,8968
33,33_trigger,,32,0.38904708009761535,93.22033898305084,8360,8968
88,88_trigger,,32,0.171049029299662,98.450044603033,8829,8968
global,combine,,32,3.974721912397645,3.467885816235504,311,8968
global,global_in_41_trigger,,32,5.005417547302518,0.825156110615522,74,8968
global,global_in_73_trigger,,32,4.960205594946719,0.8586083853702051,77,8968
global,global_in_51_trigger,,32,4.700909899559328,1.2711864406779663,114,8968
global,global_in_74_trigger,,32,3.9747216395242844,3.467885816235504,311,8968
global,global_in_3_trigger,,32,5.005417550280092,0.825156110615522,74,8968
global,global_in_18_trigger,,32,4.960205505619508,0.8586083853702051,77,8968
global,global_in_29_trigger,,32,4.700909899984695,1.2711864406779663,114,8968
global,global_in_62_trigger,,32,3.974721943024117,3.467885816235504,311,8968
global,global_in_33_trigger,,32,5.005417490728618,0.825156110615522,74,8968
global,global_in_88_trigger,,32,4.96020561111069,0.8586083853702051,77,8968
41,41_trigger,,33,0.4406805994465987,87.02051739518288,7804,8968
73,73_trigger,,33,0.13305441137938281,98.76226583407671,8857,8968
51,51_trigger,,33,0.01812989758884237,99.84388938447815,8954,8968
74,74_trigger,,33,0.007876230558412885,99.72123104371097,8943,8968
3,3_trigger,,33,0.6702259695498035,90.70026761819804,8134,8968
18,18_trigger,,33,0.01700703967462338,99.542818911686,8927,8968
29,29_trigger,,33,0.013555878065493254,99.72123104371097,8943,8968
62,62_trigger,,33,0.021658678327153402,99.1413916146298,8891,8968
33,33_trigger,,33,0.4278855791961796,96.46520963425513,8651,8968
88,88_trigger,,33,0.03409198088360407,99.66547725245317,8938,8968
global,combine,,33,4.0728359264948875,4.125780553077609,370,8968
global,global_in_41_trigger,,33,5.110797007524148,0.9255129348795719,83,8968
global,global_in_73_trigger,,33,5.060176406982857,0.9812667261373774,88,8968
global,global_in_51_trigger,,33,4.778586468454135,1.4161462979482604,127,8968
global,global_in_74_trigger,,33,4.072835707430538,4.125780553077609,370,8968
global,global_in_3_trigger,,33,5.110797002845104,0.9255129348795719,83,8968
global,global_in_18_trigger,,33,5.060176358065576,0.9812667261373774,88,8968
global,global_in_29_trigger,,33,4.778586408902661,1.4161462979482604,127,8968
global,global_in_62_trigger,,33,4.072835575353876,4.125780553077609,370,8968
global,global_in_33_trigger,,33,5.110797158104304,0.9255129348795719,83,8968
global,global_in_88_trigger,,33,5.060176261081747,0.9812667261373774,88,8968
41,41_trigger,,34,0.46310888447472287,87.27698483496877,7827,8968
73,73_trigger,,34,0.052284313060914855,99.55396966993756,8928,8968
51,51_trigger,,34,0.0081654239919894,99.93309545049064,8962,8968
74,74_trigger,,34,0.013118296424324806,99.47591436217664,8921,8968
3,3_trigger,,34,0.47706759031812174,95.11596788581623,8530,8968
18,18_trigger,,34,0.011035661764125557,99.78813559322035,8949,8968
29,29_trigger,,34,0.0063518805431001,99.8550401427297,8955,8968
62,62_trigger,,34,0.016548090204873796,99.37555753791257,8912,8968
33,33_trigger,,34,0.3524367676634112,96.83318465655665,8684,8968
88,88_trigger,,34,0.06108204159722809,99.09678858162356,8887,8968
global,combine,,34,3.657646121987267,4.9955396966993755,448,8968
global,global_in_41_trigger,,34,4.858689886666535,0.9143621766280107,82,8968
global,global_in_73_trigger,,34,4.793778191497558,1.0147190008920606,91,8968
global,global_in_51_trigger,,34,4.478884754810452,1.5722569134701159,141,8968
global,global_in_74_trigger,,34,3.6576466360440967,4.9955396966993755,448,8968
global,global_in_3_trigger,,34,4.858689909211022,0.9143621766280107,82,8968
global,global_in_18_trigger,,34,4.793778219146456,1.0147190008920606,91,8968
global,global_in_29_trigger,,34,4.478884865406046,1.5722569134701159,141,8968
global,global_in_62_trigger,,34,3.6576460005447973,4.9955396966993755,448,8968
global,global_in_33_trigger,,34,4.858689918994478,0.9143621766280107,82,8968
global,global_in_88_trigger,,34,4.793778388442789,1.0147190008920606,91,8968
41,41_trigger,,35,0.3991300093340725,90.80062444246208,8143,8968
73,73_trigger,,35,0.13569643894122393,99.42016057091882,8916,8968
51,51_trigger,,35,0.0036178225082080283,99.96654772524532,8965,8968
74,74_trigger,,35,0.0122502184731875,99.46476360392506,8920,8968
3,3_trigger,,35,0.4454243821719201,96.88893844781445,8689,8968
18,18_trigger,,35,0.006518582668467811,99.89964317573595,8959,8968
29,29_trigger,,35,0.014277693796421033,99.71008028545941,8942,8968
62,62_trigger,,35,0.027519848710299867,98.89607493309545,8869,8968
33,33_trigger,,35,0.3094740274173675,98.55040142729705,8838,8968
88,88_trigger,,35,0.0072377671680893384,99.92194469223907,8961,8968
global,combine,,35,4.178603424545274,4.047725245316681,363,8968
global,global_in_41_trigger,,35,5.345703792827242,0.6913470115967886,62,8968
global,global_in_73_trigger,,35,5.272162784964351,0.7247992863514718,65,8968
global,global_in_51_trigger,,35,4.954186164088593,1.1485280999107939,103,8968
global,global_in_74_trigger,,35,4.1786035457750605,4.047725245316681,363,8968
global,global_in_3_trigger,,35,5.345703561852598,0.6913470115967886,62,8968
global,global_in_18_trigger,,35,5.272163005730172,0.7247992863514718,65,8968
global,global_in_29_trigger,,35,4.954186130271864,1.1485280999107939,103,8968
global,global_in_62_trigger,,35,4.178603259502618,4.047725245316681,363,8968
global,global_in_33_trigger,,35,5.345703783043786,0.6913470115967886,62,8968
global,global_in_88_trigger,,35,5.2721628504709726,0.7247992863514718,65,8968
41,41_trigger,,36,0.25817105772237925,99.30865298840321,8906,8968
73,73_trigger,,36,0.01838475130963655,99.81043710972347,8951,8968
51,51_trigger,,36,0.0058558232093439255,99.95539696699376,8964,8968
74,74_trigger,,36,0.0077437668491018245,99.65432649420161,8937,8968
3,3_trigger,,36,0.4407397879754508,99.40900981266726,8915,8968
18,18_trigger,,36,0.006341825152230578,99.86619090098127,8956,8968
29,29_trigger,,36,0.007194109116477375,99.84388938447815,8954,8968
62,62_trigger,,36,0.026873536063790202,98.86262265834077,8866,8968
33,33_trigger,,36,0.20554911893568967,98.08206958073148,8796,8968
88,88_trigger,,36,0.008553924662518805,99.8550401427297,8955,8968
global,combine,,36,3.459553881695396,6.445138269402319,578,8968
global,global_in_41_trigger,,36,4.849100987470969,0.9032114183764496,81,8968
global,global_in_73_trigger,,36,4.7524211613011085,1.0147190008920606,91,8968
global,global_in_51_trigger,,36,4.3758469916793725,1.694915254237288,152,8968
global,global_in_74_trigger,,36,3.4595536190308596,6.445138269402319,578,8968
global,global_in_3_trigger,,36,4.849100822428313,0.9032114183764496,81,8968
global,global_in_18_trigger,,36,4.752421031563969,1.0147190008920606,91,8968
global,global_in_29_trigger,,36,4.3758468385470115,1.694915254237288,152,8968
global,global_in_62_trigger,,36,3.4595536994253493,6.445138269402319,578,8968
global,global_in_33_trigger,,36,4.849100948337143,0.9032114183764496,81,8968
global,global_in_88_trigger,,36,4.752421122805334,1.0147190008920606,91,8968
41,41_trigger,,37,0.19199407564594106,97.56913470115968,8750,8968
73,73_trigger,,37,0.006420657883816125,99.96654772524532,8965,8968
51,51_trigger,,37,0.002260947673428674,99.98884924174844,8967,8968
74,74_trigger,,37,0.00558140539124078,99.74353256021409,8945,8968
3,3_trigger,,37,0.5078382174634806,88.25825156110616,7915,8968
18,18_trigger,,37,0.002630645754006853,99.9442462087422,8963,8968
29,29_trigger,,37,0.010267453316252688,99.78813559322035,8949,8968
62,62_trigger,,37,0.012706325415796646,99.44246208742194,8918,8968
33,33_trigger,,37,0.027522708845127915,99.29750223015165,8905,8968
88,88_trigger,,37,0.004274522425211388,99.88849241748439,8958,8968
global,combine,,37,3.9882300633814163,5.073595004460303,455,8968
global,global_in_41_trigger,,37,5.382116071461143,0.6021409455842998,54,8968
global,global_in_73_trigger,,37,5.270747912557502,0.6801962533452275,61,8968
global,global_in_51_trigger,,37,4.892523009260247,1.2265834076717217,110,8968
global,global_in_74_trigger,,37,3.988230085713219,5.073595004460303,455,8968
global,global_in_3_trigger,,37,5.382116159937618,0.6021409455842998,54,8968
global,global_in_18_trigger,,37,5.27074774666411,0.6801962533452275,61,8968
global,global_in_29_trigger,,37,4.8925232355558474,1.2265834076717217,110,8968
global,global_in_62_trigger,,37,3.988230151432524,5.073595004460303,455,8968
global,global_in_33_trigger,,37,5.3821160957071,0.6021409455842998,54,8968
global,global_in_88_trigger,,37,5.2707476671203555,0.6801962533452275,61,8968
41,41_trigger,,38,0.08158984495182318,98.37198929527207,8822,8968
73,73_trigger,,38,0.010404040717106914,99.87734165923283,8957,8968
51,51_trigger,,38,0.006083450377696542,99.9442462087422,8963,8968
74,74_trigger,,38,0.009009302795771609,99.5985727029438,8932,8968
3,3_trigger,,38,0.1919439304736339,98.81801962533451,8862,8968
18,18_trigger,,38,0.0019755709551980928,99.93309545049064,8962,8968
29,29_trigger,,38,0.004634955005054998,99.86619090098127,8956,8968
62,62_trigger,,38,0.020957196732741233,99.18599464763605,8895,8968
33,33_trigger,,38,0.019190684288248328,99.542818911686,8927,8968
88,88_trigger,,38,0.003461473218021273,99.89964317573595,8959,8968
global,combine,,38,3.376420046579189,8.028545941123996,720,8968
global,global_in_41_trigger,,38,4.999202838867078,0.825156110615522,74,8968
global,global_in_73_trigger,,38,4.8544520438515,0.9589652096342551,86,8968
global,global_in_51_trigger,,38,4.411601303731832,1.9067796610169492,171,8968
global,global_in_74_trigger,,38,3.3764199572519784,8.028545941123996,720,8968
global,global_in_3_trigger,,38,4.999202768681413,0.825156110615522,74,8968
global,global_in_18_trigger,,38,4.854451993658115,0.9589652096342551,86,8968
global,global_in_29_trigger,,38,4.411601275444881,1.9067796610169492,171,8968
global,global_in_62_trigger,,38,3.3764197322324807,8.028545941123996,720,8968
global,global_in_33_trigger,,38,4.999203012842456,0.825156110615522,74,8968
global,global_in_88_trigger,,38,4.854451985576129,0.9589652096342551,86,8968
41,41_trigger,,39,0.06351518660225472,98.87377341659233,8867,8968
73,73_trigger,,39,0.00578554663067745,99.95539696699376,8964,8968
51,51_trigger,,39,0.004885908927399595,99.97769848349688,8966,8968
74,74_trigger,,39,0.011622196946146272,99.542818911686,8927,8968
3,3_trigger,,39,0.052363685316453544,99.62087421944692,8934,8968
18,18_trigger,,39,0.00209284606573515,99.93309545049064,8962,8968
29,29_trigger,,39,0.01065367313324541,99.75468331846565,8946,8968
62,62_trigger,,39,0.020656786324525212,99.21944692239072,8898,8968
33,33_trigger,,39,0.017721186712696603,99.55396966993756,8928,8968
88,88_trigger,,39,0.0026700959569747776,99.9107939339875,8960,8968
global,combine,,39,3.9177626976469178,5.831846565566458,523,8968
global,global_in_41_trigger,,39,5.477205252243301,0.5575379125780553,50,8968
global,global_in_73_trigger,,39,5.321361247393619,0.6801962533452275,61,8968
global,global_in_51_trigger,,39,4.900861232223306,1.3157894736842104,118,8968
global,global_in_74_trigger,,39,3.9177628039888353,5.831846565566458,523,8968
global,global_in_3_trigger,,39,5.477205503210226,0.5575379125780553,50,8968
global,global_in_18_trigger,,39,5.321360872219334,0.6801962533452275,61,8968
global,global_in_29_trigger,,39,4.900861345371107,1.3157894736842104,118,8968
global,global_in_62_trigger,,39,3.9177625211193345,5.831846565566458,523,8968
global,global_in_33_trigger,,39,5.477205227997343,0.5575379125780553,50,8968
global,global_in_88_trigger,,39,5.321361019396548,0.6801962533452275,61,8968
41,41_trigger,,40,0.02608173461522937,99.72123104371097,8943,8968
73,73_trigger,,40,0.005592030471703411,99.92194469223907,8961,8968
51,51_trigger,,40,0.006319067428465085,99.95539696699376,8964,8968
74,74_trigger,,40,0.004304501649738682,99.82158786797503,8952,8968
3,3_trigger,,40,0.030174445118306473,99.43131132917038,8917,8968
18,18_trigger,,40,0.0010396252415719785,99.96654772524532,8965,8968
29,29_trigger,,40,0.007202460560166708,99.78813559322035,8949,8968
62,62_trigger,,40,0.022115302266078763,99.08563782337198,8886,8968
33,33_trigger,,40,0.016430821720042153,99.49821587867976,8923,8968
88,88_trigger,,40,0.002211577023699947,99.89964317573595,8959,8968
global,combine,,40,3.378119233460643,9.455842997323819,848,8968
global,global_in_41_trigger,,40,5.190933549967756,0.6913470115967886,62,8968
global,global_in_73_trigger,,40,4.9897300276131,0.9812667261373774,88,8968
global,global_in_51_trigger,,40,4.502244713687131,2.029438001784121,182,8968
global,global_in_74_trigger,,40,3.3781190747985024,9.455842997323819,848,8968
global,global_in_3_trigger,,40,5.1909335372067265,0.6913470115967886,62,8968
global,global_in_18_trigger,,40,4.989730181170828,0.9812667261373774,88,8968
global,global_in_29_trigger,,40,4.5022452917617946,2.029438001784121,182,8968
global,global_in_62_trigger,,40,3.3781192562178135,9.455842997323819,848,8968
global,global_in_33_trigger,,40,5.190933905575129,0.6913470115967886,62,8968
global,global_in_88_trigger,,40,4.989729944241036,0.9812667261373774,88,8968
41,41_trigger,,41,0.014360037282521335,99.8550401427297,8955,8968
73,73_trigger,,41,0.003595065285412663,99.95539696699376,8964,8968
51,51_trigger,,41,0.002740000387492534,99.98884924174844,8967,8968
74,74_trigger,,41,0.007201518938479972,99.67662801070473,8939,8968
3,3_trigger,,41,0.04334194004538998,98.95182872435325,8874,8968
18,18_trigger,,41,0.00801724296795947,99.77698483496877,8948,8968
29,29_trigger,,41,0.016443765075414347,99.53166815343444,8926,8968
62,62_trigger,,41,0.01297373741700628,99.46476360392506,8920,8968
33,33_trigger,,41,0.007592508811796505,99.7992863514719,8950,8968
88,88_trigger,,41,0.0012313062640433104,99.95539696699376,8964,8968
global,combine,,41,3.697873177005179,7.3037466547725245,655,8968
global,global_in_41_trigger,,41,5.43072867244615,0.5575379125780553,50,8968
global,global_in_73_trigger,,41,5.217477621508963,0.7247992863514718,65,8968
global,global_in_51_trigger,,41,4.757701734258701,1.5388046387154326,138,8968
global,global_in_74_trigger,,41,3.697872715693941,7.3037466547725245,655,8968
global,global_in_3_trigger,,41,5.43072866691637,0.5575379125780553,50,8968
global,global_in_18_trigger,,41,5.217477342893139,0.7247992863514718,65,8968
global,global_in_29_trigger,,41,4.757703235381209,1.5388046387154326,138,8968
global,global_in_62_trigger,,41,3.69787301345131,7.3037466547725245,655,8968
global,global_in_33_trigger,,41,5.43072858652188,0.5575379125780553,50,8968
global,global_in_88_trigger,,41,5.217477475607852,0.7247992863514718,65,8968
41,41_trigger,,42,0.011311693884678231,99.92194469223907,8961,8968
73,73_trigger,,42,0.002709174159636769,99.96654772524532,8965,8968
51,51_trigger,,42,0.0029830301773878117,99.96654772524532,8965,8968
74,74_trigger,,42,0.006595054106591842,99.74353256021409,8945,8968
3,3_trigger,,42,0.009352188344494864,99.88849241748439,8958,8968
18,18_trigger,,42,0.0017925898722228805,99.89964317573595,8959,8968
29,29_trigger,,42,0.005521555252462114,99.86619090098127,8956,8968
62,62_trigger,,42,0.02067262237640335,99.21944692239072,8898,8968
33,33_trigger,,42,0.010081244692834465,99.71008028545941,8942,8968
88,88_trigger,,42,0.0006236594926893621,99.98884924174844,8967,8968
global,combine,,42,3.060907649738676,15.666815343443355,1405,8968
global,global_in_41_trigger,,42,5.024230137347749,0.8363068688670829,75,8968
global,global_in_73_trigger,,42,4.757469853580689,1.2265834076717217,110,8968
global,global_in_51_trigger,,42,4.222911380424125,2.8545941123996434,256,8968
global,global_in_74_trigger,,42,3.0609074823564977,15.666815343443355,1405,8968
global,global_in_3_trigger,,42,5.024229957842593,0.8363068688670829,75,8968
global,global_in_18_trigger,,42,4.757469889736941,1.2265834076717217,110,8968
global,global_in_29_trigger,,42,4.222911782821941,2.8545941123996434,256,8968
global,global_in_62_trigger,,42,3.0609078041471403,15.666815343443355,1405,8968
global,global_in_33_trigger,,42,5.024230818786757,0.8363068688670829,75,8968
global,global_in_88_trigger,,42,4.757470432293404,1.2265834076717217,110,8968
41,41_trigger,,43,0.007662544400829167,99.89964317573595,8959,8968
73,73_trigger,,43,0.002697338247306173,99.97769848349688,8966,8968
51,51_trigger,,43,0.003534186782438331,99.9442462087422,8963,8968
74,74_trigger,,43,0.01043775061872896,99.53166815343444,8926,8968
3,3_trigger,,43,0.008412735633897685,99.93309545049064,8962,8968
18,18_trigger,,43,0.0017759398403308277,99.9442462087422,8963,8968
29,29_trigger,,43,0.0024493948729807655,99.93309545049064,8962,8968
62,62_trigger,,43,0.01688369682624049,99.35325602140945,8910,8968
33,33_trigger,,43,0.004759896337241599,99.8550401427297,8955,8968
88,88_trigger,,43,0.0009728992497106614,99.96654772524532,8965,8968
global,combine,,43,3.569195653369233,9.177074041034789,823,8968
global,global_in_41_trigger,,43,5.5334212237655,0.6021409455842998,54,8968
global,global_in_73_trigger,,43,5.240348038771235,0.9032114183764496,81,8968
global,global_in_51_trigger,,43,4.745286885379788,2.11864406779661,190,8968
global,global_in_74_trigger,,43,3.569195373477306,9.177074041034789,823,8968
global,global_in_3_trigger,,43,5.533421045111078,0.6021409455842998,54,8968
global,global_in_18_trigger,,43,5.240347545344738,0.9032114183764496,81,8968
global,global_in_29_trigger,,43,4.745287418790846,2.11864406779661,190,8968
global,global_in_62_trigger,,43,3.5691954604649947,9.177074041034789,823,8968
global,global_in_33_trigger,,43,5.5334212093029995,0.6021409455842998,54,8968
global,global_in_88_trigger,,43,5.240348108956901,0.9032114183764496,81,8968
41,41_trigger,,44,0.00492927755987692,99.97769848349688,8966,8968
73,73_trigger,,44,0.00299456586259983,99.95539696699376,8964,8968
51,51_trigger,,44,0.0060522340347759435,99.97769848349688,8966,8968
74,74_trigger,,44,0.01335382498202714,99.49821587867976,8923,8968
3,3_trigger,,44,0.004205240121678396,99.95539696699376,8964,8968
18,18_trigger,,44,0.0024260396716625963,99.9107939339875,8960,8968
29,29_trigger,,44,0.009019050728515153,99.71008028545941,8942,8968
62,62_trigger,,44,0.026360648283545653,98.89607493309545,8869,8968
33,33_trigger,,44,0.00840256510417282,99.7992863514719,8950,8968
88,88_trigger,,44,0.0005121407491520199,100.0,8968,8968
global,combine,,44,2.9620378740550577,21.54326494201606,1932,8968
global,global_in_41_trigger,,44,5.075197428704159,0.8809099018733274,79,8968
global,global_in_73_trigger,,44,4.717329958099855,1.5722569134701159,141,8968
global,global_in_51_trigger,,44,4.157224464586651,3.568242640499554,320,8968
global,global_in_74_trigger,,44,2.9620378615067113,21.54326494201606,1932,8968
global,global_in_3_trigger,,44,5.075197145834658,0.8809099018733274,79,8968
global,global_in_18_trigger,,44,4.717330237991782,1.5722569134701159,141,8968
global,global_in_29_trigger,,44,4.157224430557237,3.568242640499554,320,8968
global,global_in_62_trigger,,44,2.9620378704394326,21.54326494201606,1932,8968
global,global_in_33_trigger,,44,5.075197371279524,0.8809099018733274,79,8968
global,global_in_88_trigger,,44,4.717330512779297,1.5722569134701159,141,8968
41,41_trigger,,45,0.0036581013172590337,99.98884924174844,8967,8968
73,73_trigger,,45,0.001593998125163393,99.97769848349688,8966,8968
51,51_trigger,,45,0.002498720749094418,99.98884924174844,8967,8968
74,74_trigger,,45,0.010974963098821225,99.52051739518288,8925,8968
3,3_trigger,,45,0.0004093113770113592,100.0,8968,8968
18,18_trigger,,45,0.001415609815449177,99.95539696699376,8964,8968
29,29_trigger,,45,0.011355369828681293,99.63202497769849,8935,8968
62,62_trigger,,45,0.023876894803379806,98.9406779661017,8873,8968
33,33_trigger,,45,0.00038179272169721446,100.0,8968,8968
88,88_trigger,,45,0.0004618212830632059,99.98884924174844,8967,8968
global,combine,,45,3.3586315309012393,11.830954504906334,1061,8968
global,global_in_41_trigger,,45,5.469856522957413,0.7024977698483497,63,8968
global,global_in_73_trigger,,45,5.064319131631707,1.471900089206066,132,8968
global,global_in_51_trigger,,45,4.5904308394807245,2.9884032114183765,268,8968
global,global_in_74_trigger,,45,3.3586308009703174,11.830954504906334,1061,8968
global,global_in_3_trigger,,45,5.469856778603383,0.7024977698483497,63,8968
global,global_in_18_trigger,,45,5.064318778151173,1.471900089206066,132,8968
global,global_in_29_trigger,,45,4.590432521384492,2.9884032114183765,268,8968
global,global_in_62_trigger,,45,3.358631123824379,11.830954504906334,1061,8968
global,global_in_33_trigger,,45,5.4698564651074095,0.7024977698483497,63,8968
global,global_in_88_trigger,,45,5.064319108661852,1.471900089206066,132,8968
41,41_trigger,,46,0.005376157439525682,99.87734165923283,8957,8968
73,73_trigger,,46,0.002562805798574975,99.95539696699376,8964,8968
51,51_trigger,,46,0.007423210185001223,99.89964317573595,8959,8968
74,74_trigger,,46,0.007626537088286092,99.71008028545941,8942,8968
3,3_trigger,,46,0.0024187278564741883,99.97769848349688,8966,8968
18,18_trigger,,46,0.0008093857894304299,99.97769848349688,8966,8968
29,29_trigger,,46,0.00818416440222346,99.71008028545941,8942,8968
62,62_trigger,,46,0.01555477020077568,99.33095450490633,8908,8968
33,33_trigger,,46,0.0021389867839838373,99.92194469223907,8961,8968
88,88_trigger,,46,0.0002900705840843277,100.0,8968,8968
global,combine,,46,2.9011062803702306,23.929527207850136,2146,8968
global,global_in_41_trigger,,46,5.037353628347432,1.0258697591436219,92,8968
global,global_in_73_trigger,,46,4.5735342334573765,2.2859054415700264,205,8968
global,global_in_51_trigger,,46,4.063371133421491,4.3822479928635145,393,8968
global,global_in_74_trigger,,46,2.9011057029336187,23.929527207850136,2146,8968
global,global_in_3_trigger,,46,5.0373538414566355,1.0258697591436219,92,8968
global,global_in_18_trigger,,46,4.57353428024782,2.2859054415700264,205,8968
global,global_in_29_trigger,,46,4.063371403104593,4.3822479928635145,393,8968
global,global_in_62_trigger,,46,2.9011062661204137,23.929527207850136,2146,8968
global,global_in_33_trigger,,46,5.037353788285676,1.0258697591436219,92,8968
global,global_in_88_trigger,,46,4.573534164973181,2.2859054415700264,205,8968
41,41_trigger,,47,0.004085285385553854,99.98884924174844,8967,8968
73,73_trigger,,47,0.00035694116914632016,100.0,8968,8968
51,51_trigger,,47,0.0012043738448299696,99.98884924174844,8967,8968
74,74_trigger,,47,0.007162364708165317,99.74353256021409,8945,8968
3,3_trigger,,47,0.002035233227691571,100.0,8968,8968
18,18_trigger,,47,0.0011977568589870062,99.96654772524532,8965,8968
29,29_trigger,,47,0.010296949108582353,99.68777876895629,8940,8968
62,62_trigger,,47,0.020528014620255518,99.1079393398751,8888,8968
33,33_trigger,,47,0.0028014851392351254,99.88849241748439,8958,8968
88,88_trigger,,47,9.168568352057941e-05,100.0,8968,8968
global,combine,,47,3.156914868384573,13.693131132917038,1228,8968
global,global_in_41_trigger,,47,5.363022185350294,0.9812667261373774,88,8968
global,global_in_73_trigger,,47,4.8181607963568815,2.2190008920606603,199,8968
global,global_in_51_trigger,,47,4.384316680476029,3.724353256021409,334,8968
global,global_in_74_trigger,,47,3.156915113396351,13.693131132917038,1228,8968
global,global_in_3_trigger,,47,5.363021557507613,0.9812667261373774,88,8968
global,global_in_18_trigger,,47,4.818160338235901,2.2190008920606603,199,8968
global,global_in_29_trigger,,47,4.384316902943321,3.724353256021409,334,8968
global,global_in_62_trigger,,47,3.1569152161226435,13.693131132917038,1228,8968
global,global_in_33_trigger,,47,5.3630219390624125,0.9812667261373774,88,8968
global,global_in_88_trigger,,47,4.818160613023416,2.2190008920606603,199,8968
41,41_trigger,,48,0.006384482495503352,99.83273862622659,8953,8968
73,73_trigger,,48,0.0007822887797556015,99.98884924174844,8967,8968
51,51_trigger,,48,0.002304613470037894,99.98884924174844,8967,8968
74,74_trigger,,48,0.005331890631519282,99.81043710972347,8951,8968
3,3_trigger,,48,0.0006267285561316012,100.0,8968,8968
18,18_trigger,,48,0.00029325587092802124,99.98884924174844,8967,8968
29,29_trigger,,48,0.003666956176446297,99.9107939339875,8960,8968
62,62_trigger,,48,0.02740034653953078,99.06333630686886,8884,8968
33,33_trigger,,48,0.004255065072184956,99.87734165923283,8957,8968
88,88_trigger,,48,2.7537881215694247e-05,100.0,8968,8968
global,combine,,48,2.8050385957100263,27.31935771632471,2450,8968
global,global_in_41_trigger,,48,4.959191417609018,1.3269402319357717,119,8968
global,global_in_73_trigger,,48,4.333904529234642,3.646297948260482,327,8968
global,global_in_51_trigger,,48,3.9066118492174104,5.865298840321142,526,8968
global,global_in_74_trigger,,48,2.805038323900085,27.31935771632471,2450,8968
global,global_in_3_trigger,,48,4.959190792318543,1.3269402319357717,119,8968
global,global_in_18_trigger,,48,4.333904539443466,3.646297948260482,327,8968
global,global_in_29_trigger,,48,3.9066121006097037,5.865298840321142,526,8968
global,global_in_62_trigger,,48,2.805038465547519,27.31935771632471,2450,8968
global,global_in_33_trigger,,48,4.959190045798282,1.3269402319357717,119,8968
global,global_in_88_trigger,,48,4.333905439096088,3.646297948260482,327,8968
41,41_trigger,,49,0.003336939332662167,99.97769848349688,8966,8968
73,73_trigger,,49,0.001306043739258242,99.9442462087422,8963,8968
51,51_trigger,,49,0.0015053435389576007,100.0,8968,8968
74,74_trigger,,49,0.004848099262572248,99.83273862622659,8953,8968
3,3_trigger,,49,0.0012646644792771355,100.0,8968,8968
18,18_trigger,,49,0.0048520550140417305,99.7992863514719,8950,8968
29,29_trigger,,49,0.004448403211362016,99.9107939339875,8960,8968
62,62_trigger,,49,0.015252854837345401,99.30865298840321,8906,8968
33,33_trigger,,49,0.0008981360705840447,99.97769848349688,8966,8968
88,88_trigger,,49,1.3499990501790784e-05,100.0,8968,8968
global,combine,,49,3.0727850418873497,17.584745762711865,1577,8968
global,global_in_41_trigger,,49,5.25370517955307,1.3157894736842104,118,8968
global,global_in_73_trigger,,49,4.543476784048497,3.7132024977698483,333,8968
global,global_in_51_trigger,,49,4.15101803423144,5.653434433541481,507,8968
global,global_in_74_trigger,,49,3.072784491886952,17.584745762711865,1577,8968
global,global_in_3_trigger,,49,5.2537060477284845,1.3157894736842104,118,8968
global,global_in_18_trigger,,49,4.5434772455724195,3.7132024977698483,333,8968
global,global_in_29_trigger,,49,4.151017426806407,5.653434433541481,507,8968
global,global_in_62_trigger,,49,3.0727849285268656,17.584745762711865,1577,8968
global,global_in_33_trigger,,49,5.253705211455645,1.3157894736842104,118,8968
global,global_in_88_trigger,,49,4.543476073259121,3.7132024977698483,333,8968
41,41_trigger,,50,0.0016541513649665357,99.98884924174844,8967,8968
73,73_trigger,,50,0.002089544654609706,99.95539696699376,8964,8968
51,51_trigger,,50,0.0016511710603040785,100.0,8968,8968
74,74_trigger,,50,0.0043011746681330355,99.84388938447815,8954,8968
3,3_trigger,,50,0.00089928238309664,100.0,8968,8968
18,18_trigger,,50,0.00046103037321208295,99.98884924174844,8967,8968
29,29_trigger,,50,0.0037016834035866696,99.84388938447815,8954,8968
62,62_trigger,,50,0.02053948939057557,99.11909009812668,8889,8968
33,33_trigger,,50,0.0007215470223748653,99.98884924174844,8967,8968
88,88_trigger,,50,0.00012037661346843449,100.0,8968,8968
global,combine,,50,2.791234053850812,30.33006244424621,2720,8968
global,global_in_41_trigger,,50,4.8034869380341805,1.895628902765388,170,8968
global,global_in_73_trigger,,50,4.0564387331680996,6.6904549509366635,600,8968
global,global_in_51_trigger,,50,3.65362639559049,10.88314005352364,976,8968
global,global_in_74_trigger,,50,2.791234834187803,30.33006244424621,2720,8968
global,global_in_3_trigger,,50,4.803486624538207,1.895628902765388,170,8968
global,global_in_18_trigger,,50,4.056438944150464,6.6904549509366635,600,8968
global,global_in_29_trigger,,50,3.6536264493995008,10.88314005352364,976,8968
global,global_in_62_trigger,,50,2.7912340906451156,30.33006244424621,2720,8968
global,global_in_33_trigger,,50,4.8034868614679995,1.895628902765388,170,8968
global,global_in_88_trigger,,50,4.05643879697325,6.6904549509366635,600,8968
41,41_trigger,,51,0.003220365417948932,99.96654772524532,8965,8968
73,73_trigger,,51,0.0011110030045512903,99.98884924174844,8967,8968
51,51_trigger,,51,0.0014151614299558718,99.98884924174844,8967,8968
74,74_trigger,,51,0.0032501475792911147,99.84388938447815,8954,8968
3,3_trigger,,51,0.00011740452712377863,100.0,8968,8968
18,18_trigger,,51,0.0010607238255650343,99.97769848349688,8966,8968
29,29_trigger,,51,0.00878244782278485,99.64317573595004,8936,8968
62,62_trigger,,51,0.015148115352857986,99.53166815343444,8926,8968
33,33_trigger,,51,0.0008244796923134184,99.95539696699376,8964,8968
88,88_trigger,,51,5.9679710591314024e-05,100.0,8968,8968
global,combine,,51,2.9015996181784094,27.77653880463872,2491,8968
global,global_in_41_trigger,,51,4.931010653353716,2.397413024085638,215,8968
global,global_in_73_trigger,,51,4.05246647461305,7.136485280999108,640,8968
global,global_in_51_trigger,,51,3.6976080642652556,9.801516503122212,879,8968
global,global_in_74_trigger,,51,2.9015990095836153,27.77653880463872,2491,8968
global,global_in_3_trigger,,51,4.931011329688311,2.397413024085638,215,8968
global,global_in_18_trigger,,51,4.052466133468179,7.136485280999108,640,8968
global,global_in_29_trigger,,51,3.697607544040595,9.801516503122212,879,8968
global,global_in_62_trigger,,51,2.9015991834526504,27.77653880463872,2491,8968
global,global_in_33_trigger,,51,4.931011478566996,2.397413024085638,215,8968
global,global_in_88_trigger,,51,4.05246625725017,7.136485280999108,640,8968
41,41_trigger,,52,0.001397523331933023,99.98884924174844,8967,8968
73,73_trigger,,52,0.0005302430810164283,100.0,8968,8968
51,51_trigger,,52,0.0020804144225555184,99.95539696699376,8964,8968
74,74_trigger,,52,0.0058575407136728,99.72123104371097,8943,8968
3,3_trigger,,52,1.909211867841348e-05,100.0,8968,8968
18,18_trigger,,52,0.0008621500471546514,99.98884924174844,8967,8968
29,29_trigger,,52,0.0002393736931648913,100.0,8968,8968
62,62_trigger,,52,0.029186715185912253,98.82917038358609,8863,8968
33,33_trigger,,52,0.001452288642555997,99.98884924174844,8967,8968
88,88_trigger,,52,0.00019729558585643512,99.98884924174844,8967,8968
global,combine,,52,2.719512997303128,34.645405887600354,3107,8968
global,global_in_41_trigger,,52,4.460989794701365,3.891614629794826,349,8968
global,global_in_73_trigger,,52,3.605614018801809,15.566458519179305,1396,8968
global,global_in_51_trigger,,52,3.239846161919763,23.249330954504906,2085,8968
global,global_in_74_trigger,,52,2.719514454187398,34.645405887600354,3107,8968
global,global_in_3_trigger,,52,4.460991648879038,3.891614629794826,349,8968
global,global_in_18_trigger,,52,3.6056148165788744,15.566458519179305,1396,8968
global,global_in_29_trigger,,52,3.239846760412075,23.249330954504906,2085,8968
global,global_in_62_trigger,,52,2.7195145688239855,34.645405887600354,3107,8968
global,global_in_33_trigger,,52,4.46098823275128,3.891614629794826,349,8968
global,global_in_88_trigger,,52,3.6056142276573353,15.566458519179305,1396,8968
41,41_trigger,,53,0.001179962713976693,99.97769848349688,8966,8968
73,73_trigger,,53,0.0003400411663673761,100.0,8968,8968
51,51_trigger,,53,0.0017699970861312564,99.96654772524532,8965,8968
74,74_trigger,,53,0.004435715459266858,99.77698483496877,8948,8968
3,3_trigger,,53,0.00028012856035976427,100.0,8968,8968
18,18_trigger,,53,0.0002060246413154559,100.0,8968,8968
29,29_trigger,,53,0.0075539193290284105,99.63202497769849,8935,8968
62,62_trigger,,53,0.023382064333561176,99.1971454058876,8896,8968
33,33_trigger,,53,0.00015932929370160288,100.0,8968,8968
88,88_trigger,,53,1.206262571508854e-05,100.0,8968,8968
global,combine,,53,2.743837740461705,35.057983942908116,3144,8968
global,global_in_41_trigger,,53,4.456528762745921,4.404549509366637,395,8968
global,global_in_73_trigger,,53,3.4483545368851347,13.983050847457626,1254,8968
global,global_in_51_trigger,,53,3.1277199645429503,18.409901873327385,1651,8968
global,global_in_74_trigger,,53,2.743838915539894,35.057983942908116,3144,8968
global,global_in_3_trigger,,53,4.456530659460362,4.404549509366637,395,8968
global,global_in_18_trigger,,53,3.448354664070068,13.983050847457626,1254,8968
global,global_in_29_trigger,,53,3.1277195841579113,18.409901873327385,1651,8968
global,global_in_62_trigger,,53,2.7438384582696482,35.057983942908116,3144,8968
global,global_in_33_trigger,,53,4.456529436953678,4.404549509366637,395,8968
global,global_in_88_trigger,,53,3.448355086034797,13.983050847457626,1254,8968
41,41_trigger,,54,0.0007113810592837466,99.98884924174844,8967,8968
73,73_trigger,,54,0.0041309327702586445,99.88849241748439,8958,8968
51,51_trigger,,54,0.00032463352946141347,100.0,8968,8968
74,74_trigger,,54,0.007622236248159143,99.74353256021409,8945,8968
3,3_trigger,,54,0.00011574374003722701,100.0,8968,8968
18,18_trigger,,54,5.3857017111281125e-05,100.0,8968,8968
29,29_trigger,,54,0.008957197033401643,99.64317573595004,8936,8968
62,62_trigger,,54,0.018123070391368148,99.18599464763605,8895,8968
33,33_trigger,,54,0.0010270730344587114,99.97769848349688,8966,8968
88,88_trigger,,54,8.279845254889853e-05,100.0,8968,8968
global,combine,,54,2.499973937510168,40.74487065120429,3654,8968
global,global_in_41_trigger,,54,3.819830587354757,9.299732381801963,834,8968
global,global_in_73_trigger,,54,2.944440775530132,29.805976806422834,2673,8968
global,global_in_51_trigger,,54,2.6273424089433464,33.06199821587868,2965,8968
global,global_in_74_trigger,,54,2.4999733141338476,40.74487065120429,3654,8968
global,global_in_3_trigger,,54,3.8198330753302594,9.299732381801963,834,8968
global,global_in_18_trigger,,54,2.9444423002605453,29.805976806422834,2673,8968
global,global_in_29_trigger,,54,2.6273427566814167,33.06199821587868,2965,8968
global,global_in_62_trigger,,54,2.4999741299890386,40.74487065120429,3654,8968
global,global_in_33_trigger,,54,3.8198317979511462,9.299732381801963,834,8968
global,global_in_88_trigger,,54,2.9444421724375607,29.805976806422834,2673,8968
41,41_trigger,,55,0.0014665784593318471,99.97769848349688,8966,8968
73,73_trigger,,55,7.29921475428364e-05,100.0,8968,8968
51,51_trigger,,55,5.081357396443593e-05,100.0,8968,8968
74,74_trigger,,55,0.002185987652066402,99.93309545049064,8962,8968
3,3_trigger,,55,0.0003303492888203067,100.0,8968,8968
18,18_trigger,,55,9.201061346756383e-05,100.0,8968,8968
29,29_trigger,,55,0.009683213810777297,99.60972346119536,8933,8968
62,62_trigger,,55,0.026118205575900912,98.9406779661017,8873,8968
33,33_trigger,,55,7.128142091300245e-05,100.0,8968,8968
88,88_trigger,,55,0.00018004348851829177,100.0,8968,8968
global,combine,,55,2.4014893279981657,43.577163247100806,3908,8968
global,global_in_41_trigger,,55,3.6615405733515174,9.957627118644067,893,8968
global,global_in_73_trigger,,55,2.6759994336263504,31.902319357716323,2861,8968
global,global_in_51_trigger,,55,2.3830609530024396,36.708296164139156,3292,8968
global,global_in_74_trigger,,55,2.4014914407993833,43.577163247100806,3908,8968
global,global_in_3_trigger,,55,3.6615390539381996,9.957627118644067,893,8968
global,global_in_18_trigger,,55,2.6759980069431846,31.902319357716323,2861,8968
global,global_in_29_trigger,,55,2.3830613488070567,36.708296164139156,3292,8968
global,global_in_62_trigger,,55,2.4014900438919544,43.577163247100806,3908,8968
global,global_in_33_trigger,,55,3.6615370581130913,9.957627118644067,893,8968
global,global_in_88_trigger,,55,2.6759986887012177,31.902319357716323,2861,8968
41,41_trigger,,56,0.0006092521998535313,99.97769848349688,8966,8968
73,73_trigger,,56,0.0011570794059855562,99.95539696699376,8964,8968
51,51_trigger,,56,0.00016508460701266127,100.0,8968,8968
74,74_trigger,,56,0.00034959244589628156,99.98884924174844,8967,8968
3,3_trigger,,56,3.052847003980669e-05,100.0,8968,8968
18,18_trigger,,56,2.422100052378357e-06,100.0,8968,8968
29,29_trigger,,56,3.747472917970445e-05,100.0,8968,8968
62,62_trigger,,56,0.01336560559478346,99.52051739518288,8925,8968
33,33_trigger,,56,8.80114429562884e-05,100.0,8968,8968
88,88_trigger,,56,3.798555724847392e-05,100.0,8968,8968
global,combine,,56,2.1641052204195033,49.38670829616414,4429,8968
global,global_in_41_trigger,,56,3.0915784903874255,21.219892952720784,1903,8968
global,global_in_73_trigger,,56,2.28117085178445,42.52899197145406,3814,8968
global,global_in_51_trigger,,56,1.9886664816782371,44.9264049955397,4029,8968
global,global_in_74_trigger,,56,2.1641043483094378,49.38670829616414,4429,8968
global,global_in_3_trigger,,56,3.0915723451006953,21.219892952720784,1903,8968
global,global_in_18_trigger,,56,2.281169914327276,42.52899197145406,3814,8968
global,global_in_29_trigger,,56,1.9886667437047219,44.9264049955397,4029,8968
global,global_in_62_trigger,,56,2.164103430366006,49.38670829616414,4429,8968
global,global_in_33_trigger,,56,3.091572717297407,21.219892952720784,1903,8968
global,global_in_88_trigger,,56,2.2811709284038018,42.52899197145406,3814,8968
41,41_trigger,,57,0.0019292384598597174,99.95539696699376,8964,8968
73,73_trigger,,57,0.0003607618808682957,99.98884924174844,8967,8968
51,51_trigger,,57,0.0021753886075211826,99.92194469223907,8961,8968
74,74_trigger,,57,0.0021254236786316435,99.93309545049064,8962,8968
3,3_trigger,,57,1.5119474183965661e-05,100.0,8968,8968
18,18_trigger,,57,0.0001567465925815997,100.0,8968,8968
29,29_trigger,,57,3.3781676429973733e-07,100.0,8968,8968
62,62_trigger,,57,0.007882158141965792,99.72123104371097,8943,8968
33,33_trigger,,57,1.4820374161531558e-06,100.0,8968,8968
88,88_trigger,,57,0.0010824668772780786,99.97769848349688,8966,8968
global,combine,,57,2.064654169286818,52.55352363960749,4713,8968
global,global_in_41_trigger,,57,2.8269714186172417,21.231043710972347,1904,8968
global,global_in_73_trigger,,57,1.9841780900476662,48.015165031222125,4306,8968
global,global_in_51_trigger,,57,1.745784760159536,49.74353256021409,4461,8968
global,global_in_74_trigger,,57,2.0646548942728407,52.55352363960749,4713,8968
global,global_in_3_trigger,,57,2.826974889192062,21.231043710972347,1904,8968
global,global_in_18_trigger,,57,1.9841784484465137,48.015165031222125,4306,8968
global,global_in_29_trigger,,57,1.7457844766519837,49.74353256021409,4461,8968
global,global_in_62_trigger,,57,2.0646549028333654,52.55352363960749,4713,8968
global,global_in_33_trigger,,57,2.8269736537116645,21.231043710972347,1904,8968
global,global_in_88_trigger,,57,1.9841769228653647,48.015165031222125,4306,8968
41,41_trigger,,58,0.000661227534706236,99.97769848349688,8966,8968
73,73_trigger,,58,2.858177402426006e-06,100.0,8968,8968
51,51_trigger,,58,0.0008954768181917524,99.97769848349688,8966,8968
74,74_trigger,,58,0.0007404590883643487,99.98884924174844,8967,8968
3,3_trigger,,58,0.0,100.0,8968,8968
18,18_trigger,,58,0.0001567046350141597,100.0,8968,8968
29,29_trigger,,58,0.0012353407429400347,99.96654772524532,8965,8968
62,62_trigger,,58,0.006382801767752107,99.75468331846565,8946,8968
33,33_trigger,,58,9.749009101741861e-05,100.0,8968,8968
88,88_trigger,,58,4.23482343736758e-06,100.0,8968,8968
global,combine,,58,1.8264131745943313,57.59366636931311,5165,8968
global,global_in_41_trigger,,58,2.2917649911834554,36.87555753791258,3307,8968
global,global_in_73_trigger,,58,1.6387661098636335,57.20338983050848,5130,8968
global,global_in_51_trigger,,58,1.3895459038992208,59.22167707404103,5311,8968
global,global_in_74_trigger,,58,1.826412697757173,57.59366636931311,5165,8968
global,global_in_3_trigger,,58,2.2917693687484904,36.87555753791258,3307,8968
global,global_in_18_trigger,,58,1.638766470921029,57.20338983050848,5130,8968
global,global_in_29_trigger,,58,1.3895453087035086,59.22167707404103,5311,8968
global,global_in_62_trigger,,58,1.826413067933388,57.59366636931311,5165,8968
global,global_in_33_trigger,,58,2.291767673764667,36.87555753791258,3307,8968
global,global_in_88_trigger,,58,1.6387666534037595,57.20338983050848,5130,8968
41,41_trigger,,59,0.0012730287127590378,99.95539696699376,8964,8968
73,73_trigger,,59,3.166683431585594e-05,100.0,8968,8968
51,51_trigger,,59,0.0001152140831083324,100.0,8968,8968
74,74_trigger,,59,0.003917749662310054,99.7992863514719,8950,8968
3,3_trigger,,59,5.774752414117897e-06,100.0,8968,8968
18,18_trigger,,59,1.9113605152735913e-06,100.0,8968,8968
29,29_trigger,,59,0.008191686686051745,99.72123104371097,8943,8968
62,62_trigger,,59,0.015399535100545373,99.48706512042818,8922,8968
33,33_trigger,,59,2.8005834470469423e-05,100.0,8968,8968
88,88_trigger,,59,1.697396616742599e-06,100.0,8968,8968
global,combine,,59,1.739109053383652,60.53746654772525,5429,8968
global,global_in_41_trigger,,59,1.9953966583129448,41.971454058876,3764,8968
global,global_in_73_trigger,,59,1.4256692790857497,62.845673505798395,5636,8968
global,global_in_51_trigger,,59,1.1902592777408307,64.41793041926852,5777,8968
global,global_in_74_trigger,,59,1.739108898297258,60.53746654772525,5429,8968
global,global_in_3_trigger,,59,1.995396193811449,41.971454058876,3764,8968
global,global_in_18_trigger,,59,1.4256694396620453,62.845673505798395,5636,8968
global,global_in_29_trigger,,59,1.1902590346697928,64.41793041926852,5777,8968
global,global_in_62_trigger,,59,1.7391090108070066,60.53746654772525,5429,8968
global,global_in_33_trigger,,59,1.9953985633220555,41.971454058876,3764,8968
global,global_in_88_trigger,,59,1.425669944148102,62.845673505798395,5636,8968
41,41_trigger,,60,0.0006499724231235198,99.98884924174844,8967,8968
73,73_trigger,,60,0.0005588288961281704,99.97769848349688,8966,8968
51,51_trigger,,60,0.0006735716061345972,99.97769848349688,8966,8968
74,74_trigger,,60,0.00023000749756454464,100.0,8968,8968
3,3_trigger,,60,0.0005028026639535708,99.98884924174844,8967,8968
18,18_trigger,,60,0.0031973275529198677,99.86619090098127,8956,8968
29,29_trigger,,60,0.00010837437213521059,100.0,8968,8968
62,62_trigger,,60,0.04437939327186926,98.26048171275646,8812,8968
33,33_trigger,,60,0.0006662074415098111,99.98884924174844,8967,8968
88,88_trigger,,60,7.722988269865404e-05,100.0,8968,8968
global,combine,,60,1.6351109605937213,62.87912578055308,5639,8968
global,global_in_41_trigger,,60,1.7583282483038787,47.37957181088314,4249,8968
global,global_in_73_trigger,,60,1.2760643565580316,67.1721677074041,6024,8968
global,global_in_51_trigger,,60,1.037019096135455,68.72212310437111,6163,8968
global,global_in_74_trigger,,60,1.6351108787104447,62.87912578055308,5639,8968
global,global_in_3_trigger,,60,1.7583279504401677,47.37957181088314,4249,8968
global,global_in_18_trigger,,60,1.2760641334526885,67.1721677074041,6024,8968
global,global_in_29_trigger,,60,1.0370195919014746,68.72212310437111,6163,8968
global,global_in_62_trigger,,60,1.6351110292906,62.87912578055308,5639,8968
global,global_in_33_trigger,,60,1.758325526057132,47.37957181088314,4249,8968
global,global_in_88_trigger,,60,1.2760637076596508,67.1721677074041,6024,8968
